{"cameraMode":{"drawMode":0,"name":"Shaded","section":"Shading Mode"},"sceneLighting":false,"audioPlay":false,"sceneViewState":{"m_AlwaysRefresh":false,"showFog":true,"showSkybox":false,"showFlares":true,"showImageEffects":true,"showParticleSystems":true,"showVisualEffectGraphs":true,"m_FxEnabled":false},"in2DMode":false,"pivot":{"x":-0.056854307651519778,"y":-0.05953150987625122,"z":-0.052602618932724},"rotation":{"x":0.213823139667511,"y":-0.2327202707529068,"z":0.05252986028790474,"w":0.947292685508728},"size":0.49105560779571535,"orthographic":false}