{"cameraMode":{"drawMode":0,"name":"Shaded","section":"Shading Mode"},"sceneLighting":false,"audioPlay":false,"sceneViewState":{"m_AlwaysRefresh":false,"showFog":true,"showSkybox":false,"showFlares":true,"showImageEffects":true,"showParticleSystems":true,"showVisualEffectGraphs":true,"m_FxEnabled":false},"in2DMode":false,"pivot":{"x":0.010657310485839844,"y":0.006843686103820801,"z":0.04865574836730957},"rotation":{"x":-0.07930900901556015,"y":0.8631368279457092,"z":-0.14217360317707063,"w":-0.47835010290145876},"size":4.422689437866211,"orthographic":false}